tconst,nconst
tt0371746,nm0269463
tt0458339,nm0002653
tt0478970,nm0715636
tt0800080,nm0504642
tt0800369,nm0000110
tt0848228,nm0923736
tt1211837,nm0220600
tt1228705,nm0269463
tt1300854,nm0000948
tt1825683,nm3363032
tt1843866,nm0751577
tt1843866,nm0751648
tt1981115,nm0851930
tt2015381,nm0348181
tt2250912,nm1218281
tt2395427,nm0923736
tt3375556,nm6124821
tt3498820,nm0751577
tt3498820,nm0751648
tt3501632,nm0169806
tt3896198,nm0348181
tt4154664,nm1349818
tt4154664,nm0281396
tt4154756,nm0751577
tt4154756,nm0751648
tt4154796,nm0751577
tt4154796,nm0751648
tt5095030,nm0715636
